item_id,brand_name,item_category,product_base_price,vat_rate,weight_in_grams,start_date,end_date,is_active
0057c74ea984d23e711ccc0c0d224e5a,Doritos,Crisp & Snacks,2.14,19,110,2023-02-01T22:18:39.706+0000,2023-03-13T20:37:19.706+0000,false
0057c74ea984d23e711ccc0c0d224e5a,Doritos,Crisp & Snacks,2.18,19,110,2023-03-13T20:37:19.706+0000,2023-04-22T16:55:59.706+0000,false
0057c74ea984d23e711ccc0c0d224e5a,Doritos,Crisp & Snacks,2.19,19,110,2023-04-22T16:55:59.706+0000,2023-06-01T00:14:39.706+0000,false
0057c74ea984d23e711ccc0c0d224e5a,Doritos,Crisp & Snacks,2.24,19,110,2023-06-01T00:14:39.706+0000,2023-07-10T19:33:19.706+0000,false
0057c74ea984d23e711ccc0c0d224e5a,Doritos,Crisp & Snacks,2.25,19,110,2023-07-10T19:33:19.706+0000,2023-08-19T15:51:59.706+0000,false
0057c74ea984d23e711ccc0c0d224e5a,Doritos,Crisp & Snacks,2.3,19,110,2023-08-19T15:51:59.706+0000,2023-09-28T08:10:39.706+0000,false
0057c74ea984d23e711ccc0c0d224e5a,Doritos,Crisp & Snacks,2.32,19,110,2023-09-28T08:10:39.706+0000,2023-11-07T23:29:19.706+0000,false
0057c74ea984d23e711ccc0c0d224e5a,Doritos,Crisp & Snacks,2.38,19,110,2023-11-07T23:29:19.706+0000,2023-12-20T08:47:59.706+0000,false
0057c74ea984d23e711ccc0c0d224e5a,Doritos,Crisp & Snacks,2.41,19,110,2023-12-20T08:47:59.706+0000,9999-12-31T00:00:00.000+0000,true
008400fe0a12cc313b1b998c107cafea,Foodspring,Chocolate & Sweet Spreads,7.13,19,200,2022-12-25T14:00:01.646+0000,2023-03-09T10:12:26.646+0000,false
008400fe0a12cc313b1b998c107cafea,Foodspring,Chocolate & Sweet Spreads,7.06,19,200,2023-03-09T10:12:26.646+0000,2023-05-21T19:24:51.646+0000,false
008400fe0a12cc313b1b998c107cafea,Foodspring,Chocolate & Sweet Spreads,7.09,19,200,2023-05-21T19:24:51.646+0000,2023-08-02T21:37:16.646+0000,false
008400fe0a12cc313b1b998c107cafea,Foodspring,Chocolate & Sweet Spreads,7.14,19,200,2023-08-02T21:37:16.646+0000,2023-12-29T08:02:06.646+0000,false
008400fe0a12cc313b1b998c107cafea,Foodspring,Chocolate & Sweet Spreads,7.17,19,200,2023-12-29T08:02:06.646+0000,9999-12-31T00:00:00.000+0000,true
03b69ef76960b93651906fa51bb5d44c,Cadbury,Chocolate,3.38,19,180,2023-06-28T10:40:56.520+0000,2023-12-29T05:21:52.520+0000,false
03b69ef76960b93651906fa51bb5d44c,Cadbury,Chocolate,3.39,19,180,2023-12-29T05:21:52.520+0000,9999-12-31T00:00:00.000+0000,true
07416ecd652da9d161c5113764ce6f90,Takis,Crisp & Snacks,3.25,19,100,2023-02-06T12:50:40.636+0000,2023-03-22T20:41:23.636+0000,false
07416ecd652da9d161c5113764ce6f90,Takis,Crisp & Snacks,3.27,19,100,2023-03-22T20:41:23.636+0000,2023-05-06T07:32:06.636+0000,false
07416ecd652da9d161c5113764ce6f90,Takis,Crisp & Snacks,3.3,19,100,2023-05-06T07:32:06.636+0000,2023-06-20T07:22:49.636+0000,false
07416ecd652da9d161c5113764ce6f90,Takis,Crisp & Snacks,3.35,19,100,2023-06-20T07:22:49.636+0000,2023-09-18T07:04:15.636+0000,false
07416ecd652da9d161c5113764ce6f90,Takis,Crisp & Snacks,3.37,19,100,2023-09-18T07:04:15.636+0000,2023-11-03T14:54:58.636+0000,false
07416ecd652da9d161c5113764ce6f90,Takis,Crisp & Snacks,3.41,19,100,2023-11-03T14:54:58.636+0000,2023-12-18T14:45:41.636+0000,false
07416ecd652da9d161c5113764ce6f90,Takis,Crisp & Snacks,3.47,19,100,2023-12-18T14:45:41.636+0000,9999-12-31T00:00:00.000+0000,true
097ec47745d7c29c58ec58ff30db2c35,Lay's,Crisp & Snacks,2.12,19,150,2023-12-23T05:55:48.963+0000,9999-12-31T00:00:00.000+0000,true
0aec6d843c7bd4fd176e7f6376dfb0c8,Funny-Frisch,Crisp & Snacks,2.56,19,150,2023-02-23T07:42:38.448+0000,2023-04-25T04:25:17.448+0000,false
0aec6d843c7bd4fd176e7f6376dfb0c8,Funny-Frisch,Crisp & Snacks,2.6,19,150,2023-04-25T04:25:17.448+0000,2023-08-26T10:50:35.448+0000,false
0aec6d843c7bd4fd176e7f6376dfb0c8,Funny-Frisch,Crisp & Snacks,2.64,19,150,2023-08-26T10:50:35.448+0000,2023-10-28T03:33:14.448+0000,false
0aec6d843c7bd4fd176e7f6376dfb0c8,Funny-Frisch,Crisp & Snacks,2.65,19,150,2023-10-28T03:33:14.448+0000,2023-12-29T10:15:53.448+0000,false
0aec6d843c7bd4fd176e7f6376dfb0c8,Funny-Frisch,Crisp & Snacks,2.7,19,150,2023-12-29T10:15:53.448+0000,9999-12-31T00:00:00.000+0000,true
0e706671fbc1c66c6276653846b1c1ac,Ferrero,Chocolate,2.09,19,23,2022-12-23T20:00:01.016+0000,2023-02-22T16:06:56.016+0000,false
0e706671fbc1c66c6276653846b1c1ac,Ferrero,Chocolate,2.02,19,23,2023-02-22T16:06:56.016+0000,2023-04-24T10:13:51.016+0000,false
0e706671fbc1c66c6276653846b1c1ac,Ferrero,Chocolate,2.08,19,23,2023-04-24T10:13:51.016+0000,2023-06-24T15:20:46.016+0000,false
0e706671fbc1c66c6276653846b1c1ac,Ferrero,Chocolate,2.12,19,23,2023-06-24T15:20:46.016+0000,2023-08-24T20:27:41.016+0000,false
0e706671fbc1c66c6276653846b1c1ac,Ferrero,Chocolate,2.14,19,23,2023-08-24T20:27:41.016+0000,2023-12-25T00:41:31.016+0000,false
0e706671fbc1c66c6276653846b1c1ac,Ferrero,Chocolate,2.2,19,23,2023-12-25T00:41:31.016+0000,9999-12-31T00:00:00.000+0000,true
13fe423f6a47156a00beee842eafc061,Lorenz,Crisp & Snacks,2.25,19,95,2023-02-24T15:44:42.379+0000,2023-04-25T09:29:25.379+0000,false
13fe423f6a47156a00beee842eafc061,Lorenz,Crisp & Snacks,2.27,19,95,2023-04-25T09:29:25.379+0000,2023-06-24T02:14:08.379+0000,false
13fe423f6a47156a00beee842eafc061,Lorenz,Crisp & Snacks,2.31,19,95,2023-06-24T02:14:08.379+0000,2023-08-22T07:58:51.379+0000,false
13fe423f6a47156a00beee842eafc061,Lorenz,Crisp & Snacks,2.37,19,95,2023-08-22T07:58:51.379+0000,2023-12-20T10:28:17.379+0000,false
13fe423f6a47156a00beee842eafc061,Lorenz,Crisp & Snacks,2.39,19,95,2023-12-20T10:28:17.379+0000,9999-12-31T00:00:00.000+0000,true
184794567e769594406f10b6826d88e4,Griesson,Cookies,1.9,19,300,2023-12-19T07:56:56.972+0000,9999-12-31T00:00:00.000+0000,true
1b2aa51424dae1f208c314d58ae8e180,Milka,Cookies,2.19,19,156,2023-03-28T10:49:30.796+0000,2023-06-26T19:39:02.796+0000,false
1b2aa51424dae1f208c314d58ae8e180,Milka,Cookies,2.21,19,156,2023-06-26T19:39:02.796+0000,2023-09-26T17:28:34.796+0000,false
1b2aa51424dae1f208c314d58ae8e180,Milka,Cookies,2.25,19,156,2023-09-26T17:28:34.796+0000,2023-12-25T11:18:06.796+0000,false
1b2aa51424dae1f208c314d58ae8e180,Milka,Cookies,2.31,19,156,2023-12-25T11:18:06.796+0000,9999-12-31T00:00:00.000+0000,true
1d3842663f6e6e8ab20a245bc43b72a0,Knoppers,Chocolate,2.42,19,200,2023-05-01T10:23:06.124+0000,2023-08-30T18:46:13.124+0000,false
1d3842663f6e6e8ab20a245bc43b72a0,Knoppers,Chocolate,2.44,19,200,2023-08-30T18:46:13.124+0000,2023-12-30T22:09:20.124+0000,false
1d3842663f6e6e8ab20a245bc43b72a0,Knoppers,Chocolate,2.48,19,200,2023-12-30T22:09:20.124+0000,9999-12-31T00:00:00.000+0000,true
1d9d7fc4e965863acf0b3ad8ff8b3074,null,Crisp & Snacks,3.02,19,125,2023-12-23T21:40:02.744+0000,9999-12-31T00:00:00.000+0000,true
2247902fe615e4ad16d53af0070362da,Ritter Sport,Chocolate,1.96,19,100,2023-02-14T17:28:59.806+0000,2023-04-08T08:57:58.806+0000,false
2247902fe615e4ad16d53af0070362da,Ritter Sport,Chocolate,1.97,19,100,2023-04-08T08:57:58.806+0000,2023-05-30T22:26:57.806+0000,false
2247902fe615e4ad16d53af0070362da,Ritter Sport,Chocolate,1.99,19,100,2023-05-30T22:26:57.806+0000,2023-07-22T14:55:56.806+0000,false
2247902fe615e4ad16d53af0070362da,Ritter Sport,Chocolate,2.02,19,100,2023-07-22T14:55:56.806+0000,2023-09-13T01:24:55.806+0000,false
2247902fe615e4ad16d53af0070362da,Ritter Sport,Chocolate,2.06,19,100,2023-09-13T01:24:55.806+0000,2023-11-06T04:53:54.806+0000,false
2247902fe615e4ad16d53af0070362da,Ritter Sport,Chocolate,2.11,19,100,2023-11-06T04:53:54.806+0000,2023-12-29T16:22:53.806+0000,false
2247902fe615e4ad16d53af0070362da,Ritter Sport,Chocolate,2.18,19,100,2023-12-29T16:22:53.806+0000,9999-12-31T00:00:00.000+0000,true
2894f60b88078fb5b58fbf8dab0dbc63,Ferrero,Chocolate & Sweet Spreads,1.37,19,52,2022-12-26T10:59:54.081+0000,2023-01-20T22:21:14.081+0000,false
2894f60b88078fb5b58fbf8dab0dbc63,Ferrero,Chocolate & Sweet Spreads,1.36,19,52,2023-01-20T22:21:14.081+0000,2023-02-15T07:42:34.081+0000,false
2894f60b88078fb5b58fbf8dab0dbc63,Ferrero,Chocolate & Sweet Spreads,1.31,19,52,2023-02-15T07:42:34.081+0000,2023-03-13T05:03:54.081+0000,false
2894f60b88078fb5b58fbf8dab0dbc63,Ferrero,Chocolate & Sweet Spreads,1.34,19,52,2023-03-13T05:03:54.081+0000,2023-04-07T11:25:14.081+0000,false
2894f60b88078fb5b58fbf8dab0dbc63,Ferrero,Chocolate & Sweet Spreads,1.36,19,52,2023-04-07T11:25:14.081+0000,2023-05-28T19:07:54.081+0000,false
2894f60b88078fb5b58fbf8dab0dbc63,Ferrero,Chocolate & Sweet Spreads,1.42,19,52,2023-05-28T19:07:54.081+0000,2023-06-23T00:29:14.081+0000,false
2894f60b88078fb5b58fbf8dab0dbc63,Ferrero,Chocolate & Sweet Spreads,1.46,19,52,2023-06-23T00:29:14.081+0000,2023-07-19T07:50:34.081+0000,false
2894f60b88078fb5b58fbf8dab0dbc63,Ferrero,Chocolate & Sweet Spreads,1.49,19,52,2023-07-19T07:50:34.081+0000,2023-08-14T03:11:54.081+0000,false
2894f60b88078fb5b58fbf8dab0dbc63,Ferrero,Chocolate & Sweet Spreads,1.5,19,52,2023-08-14T03:11:54.081+0000,2023-09-08T10:33:14.081+0000,false
2894f60b88078fb5b58fbf8dab0dbc63,Ferrero,Chocolate & Sweet Spreads,1.57,19,52,2023-09-08T10:33:14.081+0000,2023-10-03T22:54:34.081+0000,false
2894f60b88078fb5b58fbf8dab0dbc63,Ferrero,Chocolate & Sweet Spreads,1.62,19,52,2023-10-03T22:54:34.081+0000,2023-10-29T10:15:54.081+0000,false
2894f60b88078fb5b58fbf8dab0dbc63,Ferrero,Chocolate & Sweet Spreads,1.65,19,52,2023-10-29T10:15:54.081+0000,2023-11-24T13:37:14.081+0000,false
2894f60b88078fb5b58fbf8dab0dbc63,Ferrero,Chocolate & Sweet Spreads,1.67,19,52,2023-11-24T13:37:14.081+0000,9999-12-31T00:00:00.000+0000,true
2b8d65b915a044b3570fd7f8a3a7d065,Pom-Bär,Crisp & Snacks,1.83,19,75,2023-06-29T23:12:21.883+0000,2023-12-29T22:24:43.883+0000,false
2b8d65b915a044b3570fd7f8a3a7d065,Pom-Bär,Crisp & Snacks,1.85,19,75,2023-12-29T22:24:43.883+0000,9999-12-31T00:00:00.000+0000,true
2f605027e796b8c1d897c6100903c6d7,Fuego,"Cheese Crackers, Breadsticks & Dipping",2.74,19,210,2023-12-22T17:53:36.457+0000,9999-12-31T00:00:00.000+0000,true
321127a76333fb0eceef367e946ce2cb,Kinder,Cookies,1.93,19,104,2022-12-29T15:00:01.805+0000,2023-04-25T18:21:04.805+0000,false
321127a76333fb0eceef367e946ce2cb,Kinder,Cookies,1.86,19,104,2023-04-25T18:21:04.805+0000,2023-08-20T17:42:07.805+0000,false
321127a76333fb0eceef367e946ce2cb,Kinder,Cookies,1.9,19,104,2023-08-20T17:42:07.805+0000,2023-12-17T04:03:10.805+0000,false
321127a76333fb0eceef367e946ce2cb,Kinder,Cookies,1.91,19,104,2023-12-17T04:03:10.805+0000,9999-12-31T00:00:00.000+0000,true
32fb026b53f98d91ba7d1221358ee3ac,Griesson,Cookies,1.79,19,300,2023-03-30T20:29:02.972+0000,2023-06-30T16:58:06.972+0000,false
32fb026b53f98d91ba7d1221358ee3ac,Griesson,Cookies,1.8,19,300,2023-06-30T16:58:06.972+0000,2023-09-30T14:27:10.972+0000,false
32fb026b53f98d91ba7d1221358ee3ac,Griesson,Cookies,1.83,19,300,2023-09-30T14:27:10.972+0000,2023-12-30T17:56:14.972+0000,false
32fb026b53f98d91ba7d1221358ee3ac,Griesson,Cookies,1.88,19,300,2023-12-30T17:56:14.972+0000,9999-12-31T00:00:00.000+0000,true
40604bd20ff58f587f4849ea3a6673ac,Veganz,Cookies,2.09,19,150,2022-12-26T05:00:04.008+0000,2023-01-20T10:35:14.008+0000,false
40604bd20ff58f587f4849ea3a6673ac,Veganz,Cookies,2.02,19,150,2023-01-20T10:35:14.008+0000,2023-02-14T22:10:24.008+0000,false
40604bd20ff58f587f4849ea3a6673ac,Veganz,Cookies,1.99,19,150,2023-02-14T22:10:24.008+0000,2023-03-12T02:45:34.008+0000,false
40604bd20ff58f587f4849ea3a6673ac,Veganz,Cookies,2.04,19,150,2023-03-12T02:45:34.008+0000,2023-04-06T19:20:44.008+0000,false
40604bd20ff58f587f4849ea3a6673ac,Veganz,Cookies,2.11,19,150,2023-04-06T19:20:44.008+0000,2023-05-02T09:55:54.008+0000,false
40604bd20ff58f587f4849ea3a6673ac,Veganz,Cookies,2.13,19,150,2023-05-02T09:55:54.008+0000,2023-05-27T13:31:04.008+0000,false
40604bd20ff58f587f4849ea3a6673ac,Veganz,Cookies,2.17,19,150,2023-05-27T13:31:04.008+0000,2023-06-22T05:06:14.008+0000,false
40604bd20ff58f587f4849ea3a6673ac,Veganz,Cookies,2.23,19,150,2023-06-22T05:06:14.008+0000,2023-07-17T12:41:24.008+0000,false
40604bd20ff58f587f4849ea3a6673ac,Veganz,Cookies,2.24,19,150,2023-07-17T12:41:24.008+0000,2023-08-12T16:16:34.008+0000,false
40604bd20ff58f587f4849ea3a6673ac,Veganz,Cookies,2.28,19,150,2023-08-12T16:16:34.008+0000,2023-09-06T19:51:44.008+0000,false
40604bd20ff58f587f4849ea3a6673ac,Veganz,Cookies,2.34,19,150,2023-09-06T19:51:44.008+0000,2023-10-02T00:26:54.008+0000,false
40604bd20ff58f587f4849ea3a6673ac,Veganz,Cookies,2.35,19,150,2023-10-02T00:26:54.008+0000,2023-10-27T06:02:04.008+0000,false
40604bd20ff58f587f4849ea3a6673ac,Veganz,Cookies,2.38,19,150,2023-10-27T06:02:04.008+0000,2023-11-22T00:37:14.008+0000,false
40604bd20ff58f587f4849ea3a6673ac,Veganz,Cookies,2.43,19,150,2023-11-22T00:37:14.008+0000,9999-12-31T00:00:00.000+0000,true
4b8838c232ef24c3c33b0dcad972b672,Ritter Sport,Chocolate,1.97,19,100,2023-04-08T10:09:42.842+0000,2023-05-29T08:44:33.842+0000,false
4b8838c232ef24c3c33b0dcad972b672,Ritter Sport,Chocolate,1.98,19,100,2023-05-29T08:44:33.842+0000,2023-07-20T06:19:24.842+0000,false
4b8838c232ef24c3c33b0dcad972b672,Ritter Sport,Chocolate,1.99,19,100,2023-07-20T06:19:24.842+0000,2023-09-08T19:54:15.842+0000,false
4b8838c232ef24c3c33b0dcad972b672,Ritter Sport,Chocolate,2,19,100,2023-09-08T19:54:15.842+0000,2023-10-29T04:29:06.842+0000,false
4b8838c232ef24c3c33b0dcad972b672,Ritter Sport,Chocolate,2.01,19,100,2023-10-29T04:29:06.842+0000,2023-12-19T12:03:57.842+0000,false
4b8838c232ef24c3c33b0dcad972b672,Ritter Sport,Chocolate,2.03,19,100,2023-12-19T12:03:57.842+0000,9999-12-31T00:00:00.000+0000,true
4cd94f965eb1982fdce03d81699b0838,Storck,"Toffee, Fudge & Nougat",2.09,19,125,2023-12-19T23:42:24.856+0000,9999-12-31T00:00:00.000+0000,true
514473c47399dfac41b754ddf7fd5d94,Funny-Frisch,Crisp & Snacks,2.03,19,90,2023-06-26T14:32:56.916+0000,2023-12-25T07:05:53.916+0000,false
514473c47399dfac41b754ddf7fd5d94,Funny-Frisch,Crisp & Snacks,2.06,19,90,2023-12-25T07:05:53.916+0000,9999-12-31T00:00:00.000+0000,true
564b722b1d92225859390ea030ddd983,Ferrero,Chocolate,2.47,19,117,2023-02-15T10:40:54.245+0000,2023-04-09T01:21:51.245+0000,false
564b722b1d92225859390ea030ddd983,Ferrero,Chocolate,2.48,19,117,2023-04-09T01:21:51.245+0000,2023-06-01T07:02:48.245+0000,false
564b722b1d92225859390ea030ddd983,Ferrero,Chocolate,2.49,19,117,2023-06-01T07:02:48.245+0000,2023-07-23T10:43:45.245+0000,false
564b722b1d92225859390ea030ddd983,Ferrero,Chocolate,2.51,19,117,2023-07-23T10:43:45.245+0000,2023-09-14T21:24:42.245+0000,false
564b722b1d92225859390ea030ddd983,Ferrero,Chocolate,2.54,19,117,2023-09-14T21:24:42.245+0000,2023-11-06T21:05:39.245+0000,false
564b722b1d92225859390ea030ddd983,Ferrero,Chocolate,2.58,19,117,2023-11-06T21:05:39.245+0000,2023-12-30T14:46:36.245+0000,false
564b722b1d92225859390ea030ddd983,Ferrero,Chocolate,2.63,19,117,2023-12-30T14:46:36.245+0000,9999-12-31T00:00:00.000+0000,true
5d3969ae02b82a2e1f84457d03fedcab,Ferrero,Chocolate,3.04,19,378,2022-12-19T15:00:03.441+0000,2023-01-16T16:19:13.441+0000,false
5d3969ae02b82a2e1f84457d03fedcab,Ferrero,Chocolate,3.11,19,378,2023-01-16T16:19:13.441+0000,2023-03-14T06:57:33.441+0000,false
5d3969ae02b82a2e1f84457d03fedcab,Ferrero,Chocolate,3.18,19,378,2023-03-14T06:57:33.441+0000,2023-04-12T00:16:43.441+0000,false
5d3969ae02b82a2e1f84457d03fedcab,Ferrero,Chocolate,3.25,19,378,2023-04-12T00:16:43.441+0000,2023-05-10T20:35:53.441+0000,false
5d3969ae02b82a2e1f84457d03fedcab,Ferrero,Chocolate,3.32,19,378,2023-05-10T20:35:53.441+0000,2023-06-07T16:55:03.441+0000,false
5d3969ae02b82a2e1f84457d03fedcab,Ferrero,Chocolate,3.38,19,378,2023-06-07T16:55:03.441+0000,2023-07-06T17:14:13.441+0000,false
5d3969ae02b82a2e1f84457d03fedcab,Ferrero,Chocolate,3.44,19,378,2023-07-06T17:14:13.441+0000,2023-08-04T17:33:23.441+0000,false
5d3969ae02b82a2e1f84457d03fedcab,Ferrero,Chocolate,3.5,19,378,2023-08-04T17:33:23.441+0000,2023-09-01T22:52:33.441+0000,false
5d3969ae02b82a2e1f84457d03fedcab,Ferrero,Chocolate,3.56,19,378,2023-09-01T22:52:33.441+0000,2023-09-30T15:11:43.441+0000,false
5d3969ae02b82a2e1f84457d03fedcab,Ferrero,Chocolate,3.62,19,378,2023-09-30T15:11:43.441+0000,2023-10-28T23:30:53.441+0000,false
5d3969ae02b82a2e1f84457d03fedcab,Ferrero,Chocolate,3.67,19,378,2023-10-28T23:30:53.441+0000,2023-11-28T04:50:03.441+0000,false
5d3969ae02b82a2e1f84457d03fedcab,Ferrero,Chocolate,3.72,19,378,2023-11-28T04:50:03.441+0000,2023-12-28T11:09:13.441+0000,false
5d3969ae02b82a2e1f84457d03fedcab,Ferrero,Chocolate,3.77,19,378,2023-12-28T11:09:13.441+0000,9999-12-31T00:00:00.000+0000,true
5dcef824f2fd5224744a86e4c7dd250d,Crunchips,Crisp & Snacks,1.83,19,150,2022-12-17T13:00:04.283+0000,2023-01-13T15:57:55.283+0000,false
5dcef824f2fd5224744a86e4c7dd250d,Crunchips,Crisp & Snacks,1.9,19,150,2023-01-13T15:57:55.283+0000,2023-02-09T20:55:46.283+0000,false
5dcef824f2fd5224744a86e4c7dd250d,Crunchips,Crisp & Snacks,1.92,19,150,2023-02-09T20:55:46.283+0000,2023-03-09T07:53:37.283+0000,false
5dcef824f2fd5224744a86e4c7dd250d,Crunchips,Crisp & Snacks,1.95,19,150,2023-03-09T07:53:37.283+0000,2023-04-06T01:51:28.283+0000,false
5dcef824f2fd5224744a86e4c7dd250d,Crunchips,Crisp & Snacks,2,19,150,2023-04-06T01:51:28.283+0000,2023-05-03T15:49:19.283+0000,false
5dcef824f2fd5224744a86e4c7dd250d,Crunchips,Crisp & Snacks,2.06,19,150,2023-05-03T15:49:19.283+0000,2023-05-31T17:47:10.283+0000,false
5dcef824f2fd5224744a86e4c7dd250d,Crunchips,Crisp & Snacks,2.07,19,150,2023-05-31T17:47:10.283+0000,2023-06-28T18:45:01.283+0000,false
5dcef824f2fd5224744a86e4c7dd250d,Crunchips,Crisp & Snacks,2.09,19,150,2023-06-28T18:45:01.283+0000,2023-07-25T16:42:52.283+0000,false
5dcef824f2fd5224744a86e4c7dd250d,Crunchips,Crisp & Snacks,2.13,19,150,2023-07-25T16:42:52.283+0000,2023-08-22T23:40:43.283+0000,false
5dcef824f2fd5224744a86e4c7dd250d,Crunchips,Crisp & Snacks,2.18,19,150,2023-08-22T23:40:43.283+0000,2023-09-20T01:38:34.283+0000,false
5dcef824f2fd5224744a86e4c7dd250d,Crunchips,Crisp & Snacks,2.25,19,150,2023-09-20T01:38:34.283+0000,2023-10-18T19:36:25.283+0000,false
5dcef824f2fd5224744a86e4c7dd250d,Crunchips,Crisp & Snacks,2.26,19,150,2023-10-18T19:36:25.283+0000,2023-11-16T08:34:16.283+0000,false
5dcef824f2fd5224744a86e4c7dd250d,Crunchips,Crisp & Snacks,2.28,19,150,2023-11-16T08:34:16.283+0000,2023-12-16T08:32:07.283+0000,false
5dcef824f2fd5224744a86e4c7dd250d,Crunchips,Crisp & Snacks,2.32,19,150,2023-12-16T08:32:07.283+0000,9999-12-31T00:00:00.000+0000,true
61d7a42ecec8482529b308f32ff598b1,Hanuta,Chocolate,1.89,19,220,2022-12-18T11:59:53.575+0000,2023-01-12T13:12:26.575+0000,false
61d7a42ecec8482529b308f32ff598b1,Hanuta,Chocolate,1.88,19,220,2023-01-12T13:12:26.575+0000,2023-02-06T16:24:59.575+0000,false
61d7a42ecec8482529b308f32ff598b1,Hanuta,Chocolate,1.85,19,220,2023-02-06T16:24:59.575+0000,2023-03-03T17:37:32.575+0000,false
61d7a42ecec8482529b308f32ff598b1,Hanuta,Chocolate,1.91,19,220,2023-03-03T17:37:32.575+0000,2023-03-29T02:50:05.575+0000,false
61d7a42ecec8482529b308f32ff598b1,Hanuta,Chocolate,1.93,19,220,2023-03-29T02:50:05.575+0000,2023-04-23T15:02:38.575+0000,false
61d7a42ecec8482529b308f32ff598b1,Hanuta,Chocolate,1.98,19,220,2023-04-23T15:02:38.575+0000,2023-05-18T13:15:11.575+0000,false
61d7a42ecec8482529b308f32ff598b1,Hanuta,Chocolate,1.99,19,220,2023-05-18T13:15:11.575+0000,2023-06-13T15:27:44.575+0000,false
61d7a42ecec8482529b308f32ff598b1,Hanuta,Chocolate,2.04,19,220,2023-06-13T15:27:44.575+0000,2023-07-10T00:40:17.575+0000,false
61d7a42ecec8482529b308f32ff598b1,Hanuta,Chocolate,2.05,19,220,2023-07-10T00:40:17.575+0000,2023-08-04T20:52:50.575+0000,false
61d7a42ecec8482529b308f32ff598b1,Hanuta,Chocolate,2.09,19,220,2023-08-04T20:52:50.575+0000,2023-09-26T13:17:56.575+0000,false
61d7a42ecec8482529b308f32ff598b1,Hanuta,Chocolate,2.12,19,220,2023-09-26T13:17:56.575+0000,2023-10-22T22:30:29.575+0000,false
61d7a42ecec8482529b308f32ff598b1,Hanuta,Chocolate,2.19,19,220,2023-10-22T22:30:29.575+0000,2023-11-17T16:43:02.575+0000,false
61d7a42ecec8482529b308f32ff598b1,Hanuta,Chocolate,2.22,19,220,2023-11-17T16:43:02.575+0000,2023-12-15T08:55:35.575+0000,false
61d7a42ecec8482529b308f32ff598b1,Hanuta,Chocolate,2.28,19,220,2023-12-15T08:55:35.575+0000,9999-12-31T00:00:00.000+0000,true
64f36aa14d1921b5f20921a6fb8b8bc0,Chio,Crisp & Snacks,1.8,19,110,2023-01-21T15:40:09.080+0000,2023-02-20T19:20:20.080+0000,false
64f36aa14d1921b5f20921a6fb8b8bc0,Chio,Crisp & Snacks,1.83,19,110,2023-02-20T19:20:20.080+0000,2023-03-22T16:00:31.080+0000,false
64f36aa14d1921b5f20921a6fb8b8bc0,Chio,Crisp & Snacks,1.9,19,110,2023-03-22T16:00:31.080+0000,2023-04-22T05:40:42.080+0000,false
64f36aa14d1921b5f20921a6fb8b8bc0,Chio,Crisp & Snacks,1.93,19,110,2023-04-22T05:40:42.080+0000,2023-05-22T01:20:53.080+0000,false
64f36aa14d1921b5f20921a6fb8b8bc0,Chio,Crisp & Snacks,2,19,110,2023-05-22T01:20:53.080+0000,2023-06-21T19:01:04.080+0000,false
64f36aa14d1921b5f20921a6fb8b8bc0,Chio,Crisp & Snacks,2.03,19,110,2023-06-21T19:01:04.080+0000,2023-07-21T21:41:15.080+0000,false
64f36aa14d1921b5f20921a6fb8b8bc0,Chio,Crisp & Snacks,2.09,19,110,2023-07-21T21:41:15.080+0000,2023-08-20T19:21:26.080+0000,false
64f36aa14d1921b5f20921a6fb8b8bc0,Chio,Crisp & Snacks,2.12,19,110,2023-08-20T19:21:26.080+0000,2023-09-21T07:01:37.080+0000,false
64f36aa14d1921b5f20921a6fb8b8bc0,Chio,Crisp & Snacks,2.18,19,110,2023-09-21T07:01:37.080+0000,2023-10-23T00:41:48.080+0000,false
64f36aa14d1921b5f20921a6fb8b8bc0,Chio,Crisp & Snacks,2.2,19,110,2023-10-23T00:41:48.080+0000,2023-11-23T01:21:59.080+0000,false
64f36aa14d1921b5f20921a6fb8b8bc0,Chio,Crisp & Snacks,2.26,19,110,2023-11-23T01:21:59.080+0000,2023-12-24T08:02:10.080+0000,false
64f36aa14d1921b5f20921a6fb8b8bc0,Chio,Crisp & Snacks,2.28,19,110,2023-12-24T08:02:10.080+0000,9999-12-31T00:00:00.000+0000,true
6bbc265b0d9702985b61186ef2cec617,Nestlé,Other Confectionary,3.52,19,200,2023-02-05T22:51:00.161+0000,2023-03-22T01:42:03.161+0000,false
6bbc265b0d9702985b61186ef2cec617,Nestlé,Other Confectionary,3.56,19,200,2023-03-22T01:42:03.161+0000,2023-06-18T11:24:09.161+0000,false
6bbc265b0d9702985b61186ef2cec617,Nestlé,Other Confectionary,3.6,19,200,2023-06-18T11:24:09.161+0000,2023-08-03T07:15:12.161+0000,false
6bbc265b0d9702985b61186ef2cec617,Nestlé,Other Confectionary,3.61,19,200,2023-08-03T07:15:12.161+0000,2023-09-16T13:06:15.161+0000,false
6bbc265b0d9702985b61186ef2cec617,Nestlé,Other Confectionary,3.66,19,200,2023-09-16T13:06:15.161+0000,2023-11-01T07:57:18.161+0000,false
6bbc265b0d9702985b61186ef2cec617,Nestlé,Other Confectionary,3.67,19,200,2023-11-01T07:57:18.161+0000,2023-12-18T06:48:21.161+0000,false
6bbc265b0d9702985b61186ef2cec617,Nestlé,Other Confectionary,3.72,19,200,2023-12-18T06:48:21.161+0000,9999-12-31T00:00:00.000+0000,true
7576ff6ee76ca4dfc28bf4fbaaf08465,Ferrero,Chocolate,2.18,19,210,2023-02-15T10:27:32.047+0000,2023-04-08T05:55:05.047+0000,false
7576ff6ee76ca4dfc28bf4fbaaf08465,Ferrero,Chocolate,2.25,19,210,2023-04-08T05:55:05.047+0000,2023-05-31T11:22:38.047+0000,false
7576ff6ee76ca4dfc28bf4fbaaf08465,Ferrero,Chocolate,2.31,19,210,2023-05-31T11:22:38.047+0000,2023-07-23T03:50:11.047+0000,false
7576ff6ee76ca4dfc28bf4fbaaf08465,Ferrero,Chocolate,2.37,19,210,2023-07-23T03:50:11.047+0000,2023-09-14T11:17:44.047+0000,false
7576ff6ee76ca4dfc28bf4fbaaf08465,Ferrero,Chocolate,2.43,19,210,2023-09-14T11:17:44.047+0000,2023-11-06T14:45:17.047+0000,false
7576ff6ee76ca4dfc28bf4fbaaf08465,Ferrero,Chocolate,2.49,19,210,2023-11-06T14:45:17.047+0000,2023-12-29T02:12:50.047+0000,false
7576ff6ee76ca4dfc28bf4fbaaf08465,Ferrero,Chocolate,2.54,19,210,2023-12-29T02:12:50.047+0000,9999-12-31T00:00:00.000+0000,true
7581487f9a0d33775d570f020b0e4141,Yogurette,Chocolate,1.16,19,100,2023-01-31T20:02:47.859+0000,2023-03-13T00:05:34.859+0000,false
7581487f9a0d33775d570f020b0e4141,Yogurette,Chocolate,1.18,19,100,2023-03-13T00:05:34.859+0000,2023-04-21T15:08:21.859+0000,false
7581487f9a0d33775d570f020b0e4141,Yogurette,Chocolate,1.23,19,100,2023-04-21T15:08:21.859+0000,2023-06-01T00:11:08.859+0000,false
7581487f9a0d33775d570f020b0e4141,Yogurette,Chocolate,1.3,19,100,2023-06-01T00:11:08.859+0000,2023-07-10T22:13:55.859+0000,false
7581487f9a0d33775d570f020b0e4141,Yogurette,Chocolate,1.32,19,100,2023-07-10T22:13:55.859+0000,2023-08-20T08:16:42.859+0000,false
7581487f9a0d33775d570f020b0e4141,Yogurette,Chocolate,1.36,19,100,2023-08-20T08:16:42.859+0000,2023-09-30T05:19:29.859+0000,false
7581487f9a0d33775d570f020b0e4141,Yogurette,Chocolate,1.43,19,100,2023-09-30T05:19:29.859+0000,2023-11-09T11:22:16.859+0000,false
7581487f9a0d33775d570f020b0e4141,Yogurette,Chocolate,1.45,19,100,2023-11-09T11:22:16.859+0000,2023-12-21T18:25:03.859+0000,false
7581487f9a0d33775d570f020b0e4141,Yogurette,Chocolate,1.49,19,100,2023-12-21T18:25:03.859+0000,9999-12-31T00:00:00.000+0000,true
782c2fdec7b604daefea9bf7b783a7bb,Crunchips,Crisp & Snacks,1.76,19,150,2022-12-22T10:00:06.957+0000,2023-01-17T06:51:26.957+0000,false
782c2fdec7b604daefea9bf7b783a7bb,Crunchips,Crisp & Snacks,1.69,19,150,2023-01-17T06:51:26.957+0000,2023-02-12T03:42:46.957+0000,false
782c2fdec7b604daefea9bf7b783a7bb,Crunchips,Crisp & Snacks,1.63,19,150,2023-02-12T03:42:46.957+0000,2023-03-10T11:34:06.957+0000,false
782c2fdec7b604daefea9bf7b783a7bb,Crunchips,Crisp & Snacks,1.68,19,150,2023-03-10T11:34:06.957+0000,2023-04-05T10:25:26.957+0000,false
782c2fdec7b604daefea9bf7b783a7bb,Crunchips,Crisp & Snacks,1.71,19,150,2023-04-05T10:25:26.957+0000,2023-05-01T20:16:46.957+0000,false
782c2fdec7b604daefea9bf7b783a7bb,Crunchips,Crisp & Snacks,1.72,19,150,2023-05-01T20:16:46.957+0000,2023-05-27T21:08:06.957+0000,false
782c2fdec7b604daefea9bf7b783a7bb,Crunchips,Crisp & Snacks,1.79,19,150,2023-05-27T21:08:06.957+0000,2023-06-22T19:59:26.957+0000,false
782c2fdec7b604daefea9bf7b783a7bb,Crunchips,Crisp & Snacks,1.84,19,150,2023-06-22T19:59:26.957+0000,2023-07-20T00:50:46.957+0000,false
782c2fdec7b604daefea9bf7b783a7bb,Crunchips,Crisp & Snacks,1.88,19,150,2023-07-20T00:50:46.957+0000,2023-08-14T20:42:06.957+0000,false
782c2fdec7b604daefea9bf7b783a7bb,Crunchips,Crisp & Snacks,1.9,19,150,2023-08-14T20:42:06.957+0000,2023-09-10T23:33:26.957+0000,false
782c2fdec7b604daefea9bf7b783a7bb,Crunchips,Crisp & Snacks,1.91,19,150,2023-09-10T23:33:26.957+0000,2023-10-08T11:24:46.957+0000,false
782c2fdec7b604daefea9bf7b783a7bb,Crunchips,Crisp & Snacks,1.97,19,150,2023-10-08T11:24:46.957+0000,2023-11-04T07:16:06.957+0000,false
782c2fdec7b604daefea9bf7b783a7bb,Crunchips,Crisp & Snacks,2.02,19,150,2023-11-04T07:16:06.957+0000,2023-12-01T17:07:26.957+0000,false
782c2fdec7b604daefea9bf7b783a7bb,Crunchips,Crisp & Snacks,2.05,19,150,2023-12-01T17:07:26.957+0000,2023-12-28T13:58:46.957+0000,false
782c2fdec7b604daefea9bf7b783a7bb,Crunchips,Crisp & Snacks,2.06,19,150,2023-12-28T13:58:46.957+0000,9999-12-31T00:00:00.000+0000,true
7aef490acb1ca55f113afe02977b9e8f,Tony's Chocolonely,Other Confectionary,3.36,19,180,2022-12-22T22:00:05.985+0000,2023-01-24T01:32:44.985+0000,false
7aef490acb1ca55f113afe02977b9e8f,Tony's Chocolonely,Other Confectionary,3.29,19,180,2023-01-24T01:32:44.985+0000,2023-02-25T09:05:23.985+0000,false
7aef490acb1ca55f113afe02977b9e8f,Tony's Chocolonely,Other Confectionary,3.31,19,180,2023-02-25T09:05:23.985+0000,2023-03-30T03:38:02.985+0000,false
7aef490acb1ca55f113afe02977b9e8f,Tony's Chocolonely,Other Confectionary,3.34,19,180,2023-03-30T03:38:02.985+0000,2023-05-01T21:10:41.985+0000,false
7aef490acb1ca55f113afe02977b9e8f,Tony's Chocolonely,Other Confectionary,3.39,19,180,2023-05-01T21:10:41.985+0000,2023-06-04T08:43:20.985+0000,false
7aef490acb1ca55f113afe02977b9e8f,Tony's Chocolonely,Other Confectionary,3.45,19,180,2023-06-04T08:43:20.985+0000,2023-07-06T22:15:59.985+0000,false
7aef490acb1ca55f113afe02977b9e8f,Tony's Chocolonely,Other Confectionary,3.46,19,180,2023-07-06T22:15:59.985+0000,2023-08-08T05:48:38.985+0000,false
7aef490acb1ca55f113afe02977b9e8f,Tony's Chocolonely,Chocolate,3.48,19,180,2023-08-08T05:48:38.985+0000,2023-09-10T00:21:17.985+0000,false
7aef490acb1ca55f113afe02977b9e8f,Tony's Chocolonely,Chocolate,3.52,19,180,2023-09-10T00:21:17.985+0000,2023-10-13T04:53:56.985+0000,false
7aef490acb1ca55f113afe02977b9e8f,Tony's Chocolonely,Chocolate,3.57,19,180,2023-10-13T04:53:56.985+0000,2023-11-16T15:26:35.985+0000,false
7aef490acb1ca55f113afe02977b9e8f,Tony's Chocolonely,Chocolate,3.64,19,180,2023-11-16T15:26:35.985+0000,2023-12-20T03:59:14.985+0000,false
7aef490acb1ca55f113afe02977b9e8f,Tony's Chocolonely,Chocolate,3.65,19,180,2023-12-20T03:59:14.985+0000,9999-12-31T00:00:00.000+0000,true
8848e81faf793f35004c01e760863f14,Giotto,"Toffee, Fudge & Nougat",3.16,19,154,2022-12-21T10:00:04.184+0000,2023-01-20T07:54:44.184+0000,false
8848e81faf793f35004c01e760863f14,Giotto,"Toffee, Fudge & Nougat",3.09,19,154,2023-01-20T07:54:44.184+0000,2023-02-19T09:49:24.184+0000,false
8848e81faf793f35004c01e760863f14,Giotto,"Toffee, Fudge & Nougat",3.13,19,154,2023-02-19T09:49:24.184+0000,2023-03-21T03:44:04.184+0000,false
8848e81faf793f35004c01e760863f14,Giotto,"Toffee, Fudge & Nougat",3.14,19,154,2023-03-21T03:44:04.184+0000,2023-04-20T10:38:44.184+0000,false
8848e81faf793f35004c01e760863f14,Giotto,"Toffee, Fudge & Nougat",3.19,19,154,2023-04-20T10:38:44.184+0000,2023-05-20T21:33:24.184+0000,false
8848e81faf793f35004c01e760863f14,Giotto,"Toffee, Fudge & Nougat",3.21,19,154,2023-05-20T21:33:24.184+0000,2023-06-20T13:28:04.184+0000,false
8848e81faf793f35004c01e760863f14,Giotto,"Toffee, Fudge & Nougat",3.27,19,154,2023-06-20T13:28:04.184+0000,2023-07-20T20:22:44.184+0000,false
8848e81faf793f35004c01e760863f14,Giotto,"Toffee, Fudge & Nougat",3.3,19,154,2023-07-20T20:22:44.184+0000,2023-08-19T10:17:24.184+0000,false
8848e81faf793f35004c01e760863f14,Giotto,"Toffee, Fudge & Nougat",3.37,19,154,2023-08-19T10:17:24.184+0000,2023-09-18T06:12:04.184+0000,false
8848e81faf793f35004c01e760863f14,Giotto,"Toffee, Fudge & Nougat",3.41,19,154,2023-09-18T06:12:04.184+0000,2023-11-19T00:01:24.184+0000,false
8848e81faf793f35004c01e760863f14,Giotto,"Toffee, Fudge & Nougat",3.45,19,154,2023-11-19T00:01:24.184+0000,2023-12-20T22:56:04.184+0000,false
8848e81faf793f35004c01e760863f14,Giotto,"Toffee, Fudge & Nougat",3.46,19,154,2023-12-20T22:56:04.184+0000,9999-12-31T00:00:00.000+0000,true
898f47cb5c754158245b1b236d3df7e6,Fuego,"Cheese Crackers, Breadsticks & Dipping",3.27,19,208,2023-03-28T18:27:43.194+0000,2023-06-27T17:55:26.194+0000,false
898f47cb5c754158245b1b236d3df7e6,Fuego,"Cheese Crackers, Breadsticks & Dipping",3.28,19,208,2023-06-27T17:55:26.194+0000,2023-09-26T08:23:09.194+0000,false
898f47cb5c754158245b1b236d3df7e6,Fuego,"Cheese Crackers, Breadsticks & Dipping",3.29,19,208,2023-09-26T08:23:09.194+0000,2023-12-28T21:50:52.194+0000,false
898f47cb5c754158245b1b236d3df7e6,Fuego,"Cheese Crackers, Breadsticks & Dipping",3.31,19,208,2023-12-28T21:50:52.194+0000,9999-12-31T00:00:00.000+0000,true
8daf7c8493c249f143d4d72205f12405,null,Cookies,2.07,19,200,2022-12-23T00:59:53.113+0000,2023-01-17T07:20:42.113+0000,false
8daf7c8493c249f143d4d72205f12405,null,Cookies,2.06,19,200,2023-01-17T07:20:42.113+0000,2023-02-11T22:41:31.113+0000,false
8daf7c8493c249f143d4d72205f12405,null,Cookies,2.04,19,200,2023-02-11T22:41:31.113+0000,2023-03-09T19:02:20.113+0000,false
8daf7c8493c249f143d4d72205f12405,null,Cookies,2.08,19,200,2023-03-09T19:02:20.113+0000,2023-04-04T02:23:09.113+0000,false
8daf7c8493c249f143d4d72205f12405,null,Cookies,2.15,19,200,2023-04-04T02:23:09.113+0000,2023-04-29T13:43:58.113+0000,false
8daf7c8493c249f143d4d72205f12405,null,Cookies,2.17,19,200,2023-04-29T13:43:58.113+0000,2023-05-25T05:04:47.113+0000,false
8daf7c8493c249f143d4d72205f12405,null,Cookies,2.22,19,200,2023-05-25T05:04:47.113+0000,2023-06-20T06:25:36.113+0000,false
8daf7c8493c249f143d4d72205f12405,null,Cookies,2.29,19,200,2023-06-20T06:25:36.113+0000,2023-07-16T05:46:25.113+0000,false
8daf7c8493c249f143d4d72205f12405,null,Cookies,2.31,19,200,2023-07-16T05:46:25.113+0000,2023-08-10T23:07:14.113+0000,false
8daf7c8493c249f143d4d72205f12405,null,Cookies,2.36,19,200,2023-08-10T23:07:14.113+0000,2023-10-02T02:48:52.113+0000,false
8daf7c8493c249f143d4d72205f12405,null,Cookies,2.39,19,200,2023-10-02T02:48:52.113+0000,2023-10-27T23:09:41.113+0000,false
8daf7c8493c249f143d4d72205f12405,null,Cookies,2.44,19,200,2023-10-27T23:09:41.113+0000,2023-12-19T12:51:19.113+0000,false
8daf7c8493c249f143d4d72205f12405,null,Cookies,2.47,19,200,2023-12-19T12:51:19.113+0000,9999-12-31T00:00:00.000+0000,true
92d78ca20860dd50a1748fe2b0c8dc78,Storck,Other Confectionary,2.56,19,200,2023-12-25T13:13:32.156+0000,9999-12-31T00:00:00.000+0000,true
9457e16e60a76e40ad486d39b0c4a8b1,Frigeo,Other Confectionary,0.8,19,80,2022-12-22T05:00:05.413+0000,2023-01-23T23:59:29.413+0000,false
9457e16e60a76e40ad486d39b0c4a8b1,Frigeo,Other Confectionary,0.73,19,80,2023-01-23T23:59:29.413+0000,2023-02-26T02:58:53.413+0000,false
9457e16e60a76e40ad486d39b0c4a8b1,Frigeo,Other Confectionary,0.77,19,80,2023-02-26T02:58:53.413+0000,2023-05-03T09:57:41.413+0000,false
9457e16e60a76e40ad486d39b0c4a8b1,Frigeo,Other Confectionary,0.81,19,80,2023-05-03T09:57:41.413+0000,2023-07-09T08:56:29.413+0000,false
9457e16e60a76e40ad486d39b0c4a8b1,Frigeo,Other Confectionary,0.85,19,80,2023-07-09T08:56:29.413+0000,2023-09-15T13:55:17.413+0000,false
9457e16e60a76e40ad486d39b0c4a8b1,Frigeo,Other Confectionary,0.89,19,80,2023-09-15T13:55:17.413+0000,2023-11-22T18:54:05.413+0000,false
9457e16e60a76e40ad486d39b0c4a8b1,Frigeo,Other Confectionary,0.93,19,80,2023-11-22T18:54:05.413+0000,9999-12-31T00:00:00.000+0000,true
971c3d87aff5615604a3d1ef052d8cd9,Chio,"Cheese Crackers, Breadsticks & Dipping",2.62,19,214,2022-12-21T18:59:55.317+0000,2023-01-23T12:43:40.317+0000,false
971c3d87aff5615604a3d1ef052d8cd9,Chio,"Cheese Crackers, Breadsticks & Dipping",2.61,19,214,2023-01-23T12:43:40.317+0000,2023-02-25T00:27:25.317+0000,false
971c3d87aff5615604a3d1ef052d8cd9,Chio,"Cheese Crackers, Breadsticks & Dipping",2.64,19,214,2023-02-25T00:27:25.317+0000,2023-03-29T10:11:10.317+0000,false
971c3d87aff5615604a3d1ef052d8cd9,Chio,"Cheese Crackers, Breadsticks & Dipping",2.7,19,214,2023-03-29T10:11:10.317+0000,2023-04-30T12:54:55.317+0000,false
971c3d87aff5615604a3d1ef052d8cd9,Chio,"Cheese Crackers, Breadsticks & Dipping",2.72,19,214,2023-04-30T12:54:55.317+0000,2023-06-02T22:38:40.317+0000,false
971c3d87aff5615604a3d1ef052d8cd9,Chio,"Cheese Crackers, Breadsticks & Dipping",2.77,19,214,2023-06-02T22:38:40.317+0000,2023-07-04T23:22:25.317+0000,false
971c3d87aff5615604a3d1ef052d8cd9,Chio,"Cheese Crackers, Breadsticks & Dipping",2.79,19,214,2023-07-04T23:22:25.317+0000,2023-08-07T05:06:10.317+0000,false
971c3d87aff5615604a3d1ef052d8cd9,Chio,"Cheese Crackers, Breadsticks & Dipping",2.84,19,214,2023-08-07T05:06:10.317+0000,2023-09-08T23:49:55.317+0000,false
971c3d87aff5615604a3d1ef052d8cd9,Chio,"Cheese Crackers, Breadsticks & Dipping",2.85,19,214,2023-09-08T23:49:55.317+0000,2023-10-12T09:33:40.317+0000,false
971c3d87aff5615604a3d1ef052d8cd9,Chio,"Cheese Crackers, Breadsticks & Dipping",2.89,19,214,2023-10-12T09:33:40.317+0000,2023-12-18T21:01:10.317+0000,false
971c3d87aff5615604a3d1ef052d8cd9,Chio,"Cheese Crackers, Breadsticks & Dipping",2.93,19,214,2023-12-18T21:01:10.317+0000,9999-12-31T00:00:00.000+0000,true
97cf2b65eb7bffb35913eaa9234cef6e,Storck,Other Confectionary,1.57,19,83,2023-12-16T00:59:18.358+0000,9999-12-31T00:00:00.000+0000,true
9b6c1ac419e38739c6276dcdb788bdcf,Funny-Frisch,Crisp & Snacks,2.65,19,120,2023-01-24T05:34:02.251+0000,2023-02-25T05:08:07.251+0000,false
9b6c1ac419e38739c6276dcdb788bdcf,Funny-Frisch,Crisp & Snacks,2.68,19,120,2023-02-25T05:08:07.251+0000,2023-03-30T05:42:12.251+0000,false
9b6c1ac419e38739c6276dcdb788bdcf,Funny-Frisch,Crisp & Snacks,2.73,19,120,2023-03-30T05:42:12.251+0000,2023-05-01T10:16:17.251+0000,false
9b6c1ac419e38739c6276dcdb788bdcf,Funny-Frisch,Crisp & Snacks,2.74,19,120,2023-05-01T10:16:17.251+0000,2023-06-03T16:50:22.251+0000,false
9b6c1ac419e38739c6276dcdb788bdcf,Funny-Frisch,Crisp & Snacks,2.78,19,120,2023-06-03T16:50:22.251+0000,2023-07-06T22:24:27.251+0000,false
9b6c1ac419e38739c6276dcdb788bdcf,Funny-Frisch,Crisp & Snacks,2.85,19,120,2023-07-06T22:24:27.251+0000,2023-08-08T20:58:32.251+0000,false
9b6c1ac419e38739c6276dcdb788bdcf,Funny-Frisch,Crisp & Snacks,2.88,19,120,2023-08-08T20:58:32.251+0000,2023-09-10T19:32:37.251+0000,false
9b6c1ac419e38739c6276dcdb788bdcf,Funny-Frisch,Crisp & Snacks,2.94,19,120,2023-09-10T19:32:37.251+0000,2023-10-14T00:06:42.251+0000,false
9b6c1ac419e38739c6276dcdb788bdcf,Funny-Frisch,Crisp & Snacks,2.95,19,120,2023-10-14T00:06:42.251+0000,2023-11-15T05:40:47.251+0000,false
9b6c1ac419e38739c6276dcdb788bdcf,Funny-Frisch,Crisp & Snacks,2.99,19,120,2023-11-15T05:40:47.251+0000,2023-12-18T19:14:52.251+0000,false
9b6c1ac419e38739c6276dcdb788bdcf,Funny-Frisch,Crisp & Snacks,3.06,19,120,2023-12-18T19:14:52.251+0000,9999-12-31T00:00:00.000+0000,true
9f8bd236cf455c9fa6a5fb11146b9368,null,"Toffee, Fudge & Nougat",2.24,19,215,2022-12-24T02:00:01.864+0000,2023-03-07T22:42:45.864+0000,false
9f8bd236cf455c9fa6a5fb11146b9368,null,"Toffee, Fudge & Nougat",2.17,19,215,2023-03-07T22:42:45.864+0000,2023-05-20T18:25:29.864+0000,false
9f8bd236cf455c9fa6a5fb11146b9368,null,"Toffee, Fudge & Nougat",2.21,19,215,2023-05-20T18:25:29.864+0000,2023-08-03T09:08:13.864+0000,false
9f8bd236cf455c9fa6a5fb11146b9368,null,"Toffee, Fudge & Nougat",2.23,19,215,2023-08-03T09:08:13.864+0000,2023-10-16T23:50:57.864+0000,false
9f8bd236cf455c9fa6a5fb11146b9368,null,"Toffee, Fudge & Nougat",2.29,19,215,2023-10-16T23:50:57.864+0000,2023-12-29T15:33:41.864+0000,false
9f8bd236cf455c9fa6a5fb11146b9368,null,"Toffee, Fudge & Nougat",2.32,19,215,2023-12-29T15:33:41.864+0000,9999-12-31T00:00:00.000+0000,true
a5e0be3a6e03f5ca59260103e58835d2,Lay's,Crisp & Snacks,2.16,19,150,2022-12-22T11:00:04.502+0000,2023-01-27T16:02:56.502+0000,false
a5e0be3a6e03f5ca59260103e58835d2,Lay's,Crisp & Snacks,2.09,19,150,2023-01-27T16:02:56.502+0000,2023-03-04T10:05:48.502+0000,false
a5e0be3a6e03f5ca59260103e58835d2,Lay's,Crisp & Snacks,2.12,19,150,2023-03-04T10:05:48.502+0000,2023-04-09T08:08:40.502+0000,false
a5e0be3a6e03f5ca59260103e58835d2,Lay's,Crisp & Snacks,2.18,19,150,2023-04-09T08:08:40.502+0000,2023-05-15T05:11:32.502+0000,false
a5e0be3a6e03f5ca59260103e58835d2,Lay's,Crisp & Snacks,2.2,19,150,2023-05-15T05:11:32.502+0000,2023-06-20T06:14:24.502+0000,false
a5e0be3a6e03f5ca59260103e58835d2,Lay's,Crisp & Snacks,2.24,19,150,2023-06-20T06:14:24.502+0000,2023-09-01T11:20:08.502+0000,false
a5e0be3a6e03f5ca59260103e58835d2,Lay's,Crisp & Snacks,2.27,19,150,2023-09-01T11:20:08.502+0000,2023-10-07T06:23:00.502+0000,false
a5e0be3a6e03f5ca59260103e58835d2,Lay's,Crisp & Snacks,2.33,19,150,2023-10-07T06:23:00.502+0000,2023-11-13T18:25:52.502+0000,false
a5e0be3a6e03f5ca59260103e58835d2,Lay's,Crisp & Snacks,2.34,19,150,2023-11-13T18:25:52.502+0000,2023-12-19T22:28:44.502+0000,false
a5e0be3a6e03f5ca59260103e58835d2,Lay's,Crisp & Snacks,2.38,19,150,2023-12-19T22:28:44.502+0000,9999-12-31T00:00:00.000+0000,true
b920b20ae65b43819f8696b2a6efcb21,Ferrero,Chocolate & Sweet Spreads,4.93,19,750,2022-12-24T09:00:03.725+0000,2023-02-13T18:15:30.725+0000,false
b920b20ae65b43819f8696b2a6efcb21,Ferrero,Chocolate & Sweet Spreads,4.86,19,750,2023-02-13T18:15:30.725+0000,2023-04-05T11:30:57.725+0000,false
b920b20ae65b43819f8696b2a6efcb21,Ferrero,Chocolate & Sweet Spreads,4.93,19,750,2023-04-05T11:30:57.725+0000,2023-05-26T08:46:24.725+0000,false
b920b20ae65b43819f8696b2a6efcb21,Ferrero,Chocolate & Sweet Spreads,4.99,19,750,2023-05-26T08:46:24.725+0000,2023-07-17T14:01:51.725+0000,false
b920b20ae65b43819f8696b2a6efcb21,Ferrero,Chocolate & Sweet Spreads,5.04,19,750,2023-07-17T14:01:51.725+0000,2023-09-08T01:17:18.725+0000,false
b920b20ae65b43819f8696b2a6efcb21,Ferrero,Chocolate & Sweet Spreads,5.08,19,750,2023-09-08T01:17:18.725+0000,2023-10-29T14:32:45.725+0000,false
b920b20ae65b43819f8696b2a6efcb21,Ferrero,Chocolate & Sweet Spreads,5.11,19,750,2023-10-29T14:32:45.725+0000,2023-12-21T03:48:12.725+0000,false
b920b20ae65b43819f8696b2a6efcb21,Ferrero,Chocolate & Sweet Spreads,5.13,19,750,2023-12-21T03:48:12.725+0000,9999-12-31T00:00:00.000+0000,true
b9c5d856f0380ca92e558a81c1a0c686,Ritter Sport,Chocolate,1.76,19,100,2023-02-11T19:01:48.178+0000,2023-04-03T22:03:37.178+0000,false
b9c5d856f0380ca92e558a81c1a0c686,Ritter Sport,Chocolate,1.8,19,100,2023-04-03T22:03:37.178+0000,2023-07-15T07:07:15.178+0000,false
b9c5d856f0380ca92e558a81c1a0c686,Ritter Sport,Chocolate,1.84,19,100,2023-07-15T07:07:15.178+0000,2023-10-27T17:10:53.178+0000,false
b9c5d856f0380ca92e558a81c1a0c686,Ritter Sport,Chocolate,1.88,19,100,2023-10-27T17:10:53.178+0000,9999-12-31T00:00:00.000+0000,true
b9ed451639de565e319543836d6bb64c,Storck,Other Confectionary,2.4,19,250,2023-09-27T11:03:42.444+0000,2023-12-30T04:04:56.444+0000,false
b9ed451639de565e319543836d6bb64c,Storck,Other Confectionary,2.41,19,250,2023-12-30T04:04:56.444+0000,9999-12-31T00:00:00.000+0000,true
bb8ba8e0cacb02d3fecb8478cf1be85c,Reese's,Chocolate,2.49,19,90,2022-12-21T02:00:02.784+0000,2023-02-03T06:10:21.784+0000,false
bb8ba8e0cacb02d3fecb8478cf1be85c,Reese's,Chocolate,2.42,19,90,2023-02-03T06:10:21.784+0000,2023-03-20T02:20:40.784+0000,false
bb8ba8e0cacb02d3fecb8478cf1be85c,Reese's,Chocolate,2.46,19,90,2023-03-20T02:20:40.784+0000,2023-05-04T11:30:59.784+0000,false
bb8ba8e0cacb02d3fecb8478cf1be85c,Reese's,Chocolate,2.48,19,90,2023-05-04T11:30:59.784+0000,2023-06-18T07:41:18.784+0000,false
bb8ba8e0cacb02d3fecb8478cf1be85c,Reese's,Chocolate,2.54,19,90,2023-06-18T07:41:18.784+0000,2023-08-02T01:51:37.784+0000,false
bb8ba8e0cacb02d3fecb8478cf1be85c,Reese's,Chocolate,2.57,19,90,2023-08-02T01:51:37.784+0000,2023-11-01T10:12:15.784+0000,false
bb8ba8e0cacb02d3fecb8478cf1be85c,Reese's,Chocolate,2.61,19,90,2023-11-01T10:12:15.784+0000,2023-12-16T17:22:34.784+0000,false
bb8ba8e0cacb02d3fecb8478cf1be85c,Reese's,Chocolate,2.62,19,90,2023-12-16T17:22:34.784+0000,9999-12-31T00:00:00.000+0000,true
c8311a116507e87271bd16fb898a5164,Veganz,Cookies,2.22,19,150,2023-02-02T15:34:00.128+0000,2023-03-13T22:08:02.128+0000,false
c8311a116507e87271bd16fb898a5164,Veganz,Cookies,2.24,19,150,2023-03-13T22:08:02.128+0000,2023-04-22T07:42:04.128+0000,false
c8311a116507e87271bd16fb898a5164,Veganz,Cookies,2.29,19,150,2023-04-22T07:42:04.128+0000,2023-07-12T18:50:08.128+0000,false
c8311a116507e87271bd16fb898a5164,Veganz,Cookies,2.32,19,150,2023-07-12T18:50:08.128+0000,2023-08-21T21:24:10.128+0000,false
c8311a116507e87271bd16fb898a5164,Veganz,Cookies,2.38,19,150,2023-08-21T21:24:10.128+0000,2023-10-01T07:58:12.128+0000,false
c8311a116507e87271bd16fb898a5164,Veganz,Cookies,2.39,19,150,2023-10-01T07:58:12.128+0000,2023-11-09T21:32:14.128+0000,false
c8311a116507e87271bd16fb898a5164,Veganz,Cookies,2.43,19,150,2023-11-09T21:32:14.128+0000,2023-12-20T11:06:16.128+0000,false
c8311a116507e87271bd16fb898a5164,Veganz,Cookies,2.49,19,150,2023-12-20T11:06:16.128+0000,9999-12-31T00:00:00.000+0000,true
c8985169d2c82050e3f8ef7f73451c8d,Storck,"Toffee, Fudge & Nougat",1.86,19,231,2023-01-20T04:45:20.797+0000,2023-02-19T03:30:42.797+0000,false
c8985169d2c82050e3f8ef7f73451c8d,Storck,"Toffee, Fudge & Nougat",1.92,19,231,2023-02-19T03:30:42.797+0000,2023-03-20T17:16:04.797+0000,false
c8985169d2c82050e3f8ef7f73451c8d,Storck,"Toffee, Fudge & Nougat",1.96,19,231,2023-03-20T17:16:04.797+0000,2023-04-19T22:01:26.797+0000,false
c8985169d2c82050e3f8ef7f73451c8d,Storck,"Toffee, Fudge & Nougat",1.99,19,231,2023-04-19T22:01:26.797+0000,2023-05-19T09:46:48.797+0000,false
c8985169d2c82050e3f8ef7f73451c8d,Storck,"Toffee, Fudge & Nougat",2,19,231,2023-05-19T09:46:48.797+0000,2023-07-18T09:17:32.797+0000,false
c8985169d2c82050e3f8ef7f73451c8d,Storck,"Toffee, Fudge & Nougat",2.06,19,231,2023-07-18T09:17:32.797+0000,2023-08-17T10:02:54.797+0000,false
c8985169d2c82050e3f8ef7f73451c8d,Storck,"Toffee, Fudge & Nougat",2.1,19,231,2023-08-17T10:02:54.797+0000,2023-09-16T10:48:16.797+0000,false
c8985169d2c82050e3f8ef7f73451c8d,Storck,"Toffee, Fudge & Nougat",2.13,19,231,2023-09-16T10:48:16.797+0000,2023-10-15T21:33:38.797+0000,false
c8985169d2c82050e3f8ef7f73451c8d,Storck,"Toffee, Fudge & Nougat",2.15,19,231,2023-10-15T21:33:38.797+0000,2023-12-17T09:04:22.797+0000,false
c8985169d2c82050e3f8ef7f73451c8d,Storck,"Toffee, Fudge & Nougat",2.21,19,231,2023-12-17T09:04:22.797+0000,9999-12-31T00:00:00.000+0000,true
cfda38a00b0aed7f3d0f2dc905553c83,null,Chocolate & Sweet Spreads,4.67,19,400,2022-12-20T19:00:01.375+0000,2023-02-11T04:21:03.375+0000,false
cfda38a00b0aed7f3d0f2dc905553c83,null,Chocolate & Sweet Spreads,4.6,19,400,2023-02-11T04:21:03.375+0000,2023-04-05T02:42:05.375+0000,false
cfda38a00b0aed7f3d0f2dc905553c83,null,Chocolate & Sweet Spreads,4.64,19,400,2023-04-05T02:42:05.375+0000,2023-07-19T04:24:09.375+0000,false
cfda38a00b0aed7f3d0f2dc905553c83,null,Chocolate & Sweet Spreads,4.68,19,400,2023-07-19T04:24:09.375+0000,2023-09-10T14:45:11.375+0000,false
cfda38a00b0aed7f3d0f2dc905553c83,null,Chocolate & Sweet Spreads,4.69,19,400,2023-09-10T14:45:11.375+0000,2023-11-03T03:06:13.375+0000,false
cfda38a00b0aed7f3d0f2dc905553c83,null,Chocolate & Sweet Spreads,4.74,19,400,2023-11-03T03:06:13.375+0000,2023-12-25T20:27:15.375+0000,false
cfda38a00b0aed7f3d0f2dc905553c83,null,Chocolate & Sweet Spreads,4.75,19,400,2023-12-25T20:27:15.375+0000,9999-12-31T00:00:00.000+0000,true
d3dffe73c943311024ef5b4b71e3f598,Lay's,Crisp & Snacks,1.92,19,150,2022-12-25T06:00:02.652+0000,2023-01-24T20:14:35.652+0000,false
d3dffe73c943311024ef5b4b71e3f598,Lay's,Crisp & Snacks,1.85,19,150,2023-01-24T20:14:35.652+0000,2023-02-24T03:29:08.652+0000,false
d3dffe73c943311024ef5b4b71e3f598,Lay's,Crisp & Snacks,1.86,19,150,2023-02-24T03:29:08.652+0000,2023-03-26T18:43:41.652+0000,false
d3dffe73c943311024ef5b4b71e3f598,Lay's,Crisp & Snacks,1.88,19,150,2023-03-26T18:43:41.652+0000,2023-04-25T16:58:14.652+0000,false
d3dffe73c943311024ef5b4b71e3f598,Lay's,Crisp & Snacks,1.91,19,150,2023-04-25T16:58:14.652+0000,2023-05-26T17:12:47.652+0000,false
d3dffe73c943311024ef5b4b71e3f598,Lay's,Crisp & Snacks,1.95,19,150,2023-05-26T17:12:47.652+0000,2023-06-26T09:27:20.652+0000,false
d3dffe73c943311024ef5b4b71e3f598,Lay's,Crisp & Snacks,2,19,150,2023-06-26T09:27:20.652+0000,2023-07-27T20:41:53.652+0000,false
d3dffe73c943311024ef5b4b71e3f598,Lay's,Crisp & Snacks,2.06,19,150,2023-07-27T20:41:53.652+0000,2023-08-27T00:56:26.652+0000,false
d3dffe73c943311024ef5b4b71e3f598,Lay's,Crisp & Snacks,2.12,19,150,2023-08-27T00:56:26.652+0000,2023-10-27T02:25:32.652+0000,false
d3dffe73c943311024ef5b4b71e3f598,Lay's,Crisp & Snacks,2.13,19,150,2023-10-27T02:25:32.652+0000,2023-11-26T01:40:05.652+0000,false
d3dffe73c943311024ef5b4b71e3f598,Lay's,Crisp & Snacks,2.15,19,150,2023-11-26T01:40:05.652+0000,2023-12-26T02:54:38.652+0000,false
d3dffe73c943311024ef5b4b71e3f598,Lay's,Crisp & Snacks,2.18,19,150,2023-12-26T02:54:38.652+0000,9999-12-31T00:00:00.000+0000,true
d3ed3888a55bdc5f34aacbf9877850e1,Tony's Chocolonely,Chocolate,3.45,19,180,2023-12-29T20:58:07.961+0000,9999-12-31T00:00:00.000+0000,true
dcc2ec0c38ed411a5d9295751328a464,Pringles,Crisp & Snacks,2.5,19,165,2023-06-27T15:33:54.212+0000,2023-12-24T21:07:48.212+0000,false
dcc2ec0c38ed411a5d9295751328a464,Pringles,Crisp & Snacks,2.52,19,165,2023-12-24T21:07:48.212+0000,9999-12-31T00:00:00.000+0000,true
de2d83ff88ef56053a06b1e8686c5577,Alnavit,Cookies,2.56,19,125,2023-04-29T04:40:59.047+0000,2023-08-25T11:21:59.047+0000,false
de2d83ff88ef56053a06b1e8686c5577,Alnavit,Cookies,2.57,19,125,2023-08-25T11:21:59.047+0000,2023-12-21T20:02:59.047+0000,false
de2d83ff88ef56053a06b1e8686c5577,Alnavit,Cookies,2.59,19,125,2023-12-21T20:02:59.047+0000,9999-12-31T00:00:00.000+0000,true
e2c5b07e1f589fe7597d6f7318ea1838,Griesson,Cookies,1.82,19,300,2022-12-21T08:00:05.472+0000,2023-01-16T10:58:31.472+0000,false
e2c5b07e1f589fe7597d6f7318ea1838,Griesson,Cookies,1.75,19,300,2023-01-16T10:58:31.472+0000,2023-02-11T16:56:57.472+0000,false
e2c5b07e1f589fe7597d6f7318ea1838,Griesson,Cookies,1.69,19,300,2023-02-11T16:56:57.472+0000,2023-03-10T04:55:23.472+0000,false
e2c5b07e1f589fe7597d6f7318ea1838,Griesson,Cookies,1.72,19,300,2023-03-10T04:55:23.472+0000,2023-04-05T22:53:49.472+0000,false
e2c5b07e1f589fe7597d6f7318ea1838,Griesson,Cookies,1.73,19,300,2023-04-05T22:53:49.472+0000,2023-05-02T14:52:15.472+0000,false
e2c5b07e1f589fe7597d6f7318ea1838,Griesson,Cookies,1.79,19,300,2023-05-02T14:52:15.472+0000,2023-05-29T04:50:41.472+0000,false
e2c5b07e1f589fe7597d6f7318ea1838,Griesson,Cookies,1.83,19,300,2023-05-29T04:50:41.472+0000,2023-06-24T07:49:07.472+0000,false
e2c5b07e1f589fe7597d6f7318ea1838,Griesson,Cookies,1.85,19,300,2023-06-24T07:49:07.472+0000,2023-07-21T19:47:33.472+0000,false
e2c5b07e1f589fe7597d6f7318ea1838,Griesson,Cookies,1.92,19,300,2023-07-21T19:47:33.472+0000,2023-08-17T05:45:59.472+0000,false
e2c5b07e1f589fe7597d6f7318ea1838,Griesson,Cookies,1.96,19,300,2023-08-17T05:45:59.472+0000,2023-09-13T17:44:25.472+0000,false
e2c5b07e1f589fe7597d6f7318ea1838,Griesson,Cookies,1.98,19,300,2023-09-13T17:44:25.472+0000,2023-11-06T02:41:17.472+0000,false
e2c5b07e1f589fe7597d6f7318ea1838,Griesson,Cookies,2.03,19,300,2023-11-06T02:41:17.472+0000,2023-12-02T18:39:43.472+0000,false
e2c5b07e1f589fe7597d6f7318ea1838,Griesson,Cookies,2.06,19,300,2023-12-02T18:39:43.472+0000,2023-12-30T23:38:09.472+0000,false
e2c5b07e1f589fe7597d6f7318ea1838,Griesson,Cookies,2.07,19,300,2023-12-30T23:38:09.472+0000,9999-12-31T00:00:00.000+0000,true
e98605036c98cd2c57d3eaf01e1c49ad,Ritter Sport,Chocolate,1.58,19,100,2023-02-21T12:47:29.865+0000,2023-04-22T01:34:59.865+0000,false
e98605036c98cd2c57d3eaf01e1c49ad,Ritter Sport,Chocolate,1.62,19,100,2023-04-22T01:34:59.865+0000,2023-06-20T19:22:29.865+0000,false
e98605036c98cd2c57d3eaf01e1c49ad,Ritter Sport,Chocolate,1.63,19,100,2023-06-20T19:22:29.865+0000,2023-08-19T06:09:59.865+0000,false
e98605036c98cd2c57d3eaf01e1c49ad,Ritter Sport,Chocolate,1.68,19,100,2023-08-19T06:09:59.865+0000,2023-10-16T22:57:29.865+0000,false
e98605036c98cd2c57d3eaf01e1c49ad,Ritter Sport,Chocolate,1.7,19,100,2023-10-16T22:57:29.865+0000,2023-12-15T16:44:59.865+0000,false
e98605036c98cd2c57d3eaf01e1c49ad,Ritter Sport,Chocolate,1.76,19,100,2023-12-15T16:44:59.865+0000,9999-12-31T00:00:00.000+0000,true
e9c4aa9e65917445495602a4adc16675,Funny-Frisch,Crisp & Snacks,2.65,19,120,2022-12-29T22:00:01.361+0000,2023-04-29T07:20:15.361+0000,false
e9c4aa9e65917445495602a4adc16675,Funny-Frisch,Crisp & Snacks,2.58,19,120,2023-04-29T07:20:15.361+0000,2023-08-28T20:40:29.361+0000,false
e9c4aa9e65917445495602a4adc16675,Funny-Frisch,Crisp & Snacks,2.64,19,120,2023-08-28T20:40:29.361+0000,2023-12-27T04:00:43.361+0000,false
e9c4aa9e65917445495602a4adc16675,Funny-Frisch,Crisp & Snacks,2.69,19,120,2023-12-27T04:00:43.361+0000,9999-12-31T00:00:00.000+0000,true
eb53c87b1ee83c0586a633daab87837f,Ferrero,Chocolate,3.73,19,215,2023-12-28T18:58:56.871+0000,9999-12-31T00:00:00.000+0000,true
ec3986f69034113171d2dd2bac845401,Fuego,"Cheese Crackers, Breadsticks & Dipping",2.27,19,212,2023-01-27T06:05:55.833+0000,2023-03-05T07:11:53.833+0000,false
ec3986f69034113171d2dd2bac845401,Fuego,"Cheese Crackers, Breadsticks & Dipping",2.34,19,212,2023-03-05T07:11:53.833+0000,2023-04-11T05:17:51.833+0000,false
ec3986f69034113171d2dd2bac845401,Fuego,"Cheese Crackers, Breadsticks & Dipping",2.4,19,212,2023-04-11T05:17:51.833+0000,2023-05-17T23:23:49.833+0000,false
ec3986f69034113171d2dd2bac845401,Fuego,"Cheese Crackers, Breadsticks & Dipping",2.46,19,212,2023-05-17T23:23:49.833+0000,2023-06-23T09:29:47.833+0000,false
ec3986f69034113171d2dd2bac845401,Fuego,"Cheese Crackers, Breadsticks & Dipping",2.52,19,212,2023-06-23T09:29:47.833+0000,2023-07-29T09:35:45.833+0000,false
ec3986f69034113171d2dd2bac845401,Fuego,"Cheese Crackers, Breadsticks & Dipping",2.58,19,212,2023-07-29T09:35:45.833+0000,2023-09-04T14:41:43.833+0000,false
ec3986f69034113171d2dd2bac845401,Fuego,"Cheese Crackers, Breadsticks & Dipping",2.64,19,212,2023-09-04T14:41:43.833+0000,2023-10-12T07:47:41.833+0000,false
ec3986f69034113171d2dd2bac845401,Fuego,"Cheese Crackers, Breadsticks & Dipping",2.69,19,212,2023-10-12T07:47:41.833+0000,2023-11-18T22:53:39.833+0000,false
ec3986f69034113171d2dd2bac845401,Fuego,"Cheese Crackers, Breadsticks & Dipping",2.74,19,212,2023-11-18T22:53:39.833+0000,2023-12-26T04:59:37.833+0000,false
ec3986f69034113171d2dd2bac845401,Fuego,"Cheese Crackers, Breadsticks & Dipping",2.79,19,212,2023-12-26T04:59:37.833+0000,9999-12-31T00:00:00.000+0000,true
edb0f4aa63864fc9a85372d15cb65440,Ja!,Cookies,1.22,19,225,2023-03-09T08:02:06.656+0000,2023-05-20T09:04:13.656+0000,false
edb0f4aa63864fc9a85372d15cb65440,Ja!,Cookies,1.27,19,225,2023-05-20T09:04:13.656+0000,2023-07-30T11:06:20.656+0000,false
edb0f4aa63864fc9a85372d15cb65440,Ja!,Cookies,1.31,19,225,2023-07-30T11:06:20.656+0000,2023-10-09T18:08:27.656+0000,false
edb0f4aa63864fc9a85372d15cb65440,Ja!,Cookies,1.33,19,225,2023-10-09T18:08:27.656+0000,9999-12-31T00:00:00.000+0000,true
f0dfa363e993b8632fc5bb35648ca825,Ferrero,Chocolate & Sweet Spreads,3.59,19,450,2023-02-02T10:14:45.909+0000,2023-03-15T03:29:30.909+0000,false
f0dfa363e993b8632fc5bb35648ca825,Ferrero,Chocolate & Sweet Spreads,3.61,19,450,2023-03-15T03:29:30.909+0000,2023-04-25T03:44:15.909+0000,false
f0dfa363e993b8632fc5bb35648ca825,Ferrero,Chocolate & Sweet Spreads,3.65,19,450,2023-04-25T03:44:15.909+0000,2023-06-05T00:59:00.909+0000,false
f0dfa363e993b8632fc5bb35648ca825,Ferrero,Chocolate & Sweet Spreads,3.71,19,450,2023-06-05T00:59:00.909+0000,2023-07-16T17:13:45.909+0000,false
f0dfa363e993b8632fc5bb35648ca825,Ferrero,Chocolate & Sweet Spreads,3.72,19,450,2023-07-16T17:13:45.909+0000,2023-08-25T19:28:30.909+0000,false
f0dfa363e993b8632fc5bb35648ca825,Ferrero,Chocolate & Sweet Spreads,3.75,19,450,2023-08-25T19:28:30.909+0000,2023-10-06T03:43:15.909+0000,false
f0dfa363e993b8632fc5bb35648ca825,Ferrero,Chocolate & Sweet Spreads,3.8,19,450,2023-10-06T03:43:15.909+0000,2023-12-26T17:12:45.909+0000,false
f0dfa363e993b8632fc5bb35648ca825,Ferrero,Chocolate & Sweet Spreads,3.82,19,450,2023-12-26T17:12:45.909+0000,9999-12-31T00:00:00.000+0000,true
